{
  "method": "count_based",
  "env_name": "KeyCorridorS4R3",
  "n_seeds": 2,
  "mean_sps": 2382.613690571482,
  "mean_elapsed": 2097.3297486305237,
  "mean_solve_rate": 0.53125,
  "mean_reward": 0.27490234375,
  "early_stopped": false,
  "total_steps": 5000000,
  "per_seed": [
    {
      "method": "count_based",
      "env_name": "KeyCorridorS4R3",
      "seed": 0,
      "total_steps": 4997120,
      "elapsed_seconds": 2094.924392223358,
      "sps": 2385.346229462974,
      "n_epochs": 1220,
      "best_solve_rate": 1.0,
      "best_reward": 0.536875,
      "early_stopped": false
    },
    {
      "method": "count_based",
      "env_name": "KeyCorridorS4R3",
      "seed": 1,
      "total_steps": 4997120,
      "elapsed_seconds": 2099.735105037689,
      "sps": 2379.8811516799897,
      "n_epochs": 1220,
      "best_solve_rate": 0.0625,
      "best_reward": 0.012929687500000002,
      "early_stopped": false
    }
  ]
}