{
  "method": "icm",
  "env_name": "KeyCorridorS4R3",
  "n_seeds": 2,
  "mean_sps": 2371.923108986341,
  "mean_elapsed": 2107.0979169607162,
  "mean_solve_rate": 0.03125,
  "mean_reward": 0.008749999999999997,
  "early_stopped": false,
  "total_steps": 5000000,
  "per_seed": [
    {
      "method": "icm",
      "env_name": "KeyCorridorS4R3",
      "seed": 0,
      "total_steps": 4997120,
      "elapsed_seconds": 2081.212959766388,
      "sps": 2401.061350569774,
      "n_epochs": 1220,
      "best_solve_rate": 0.0,
      "best_reward": 0.0,
      "early_stopped": false
    },
    {
      "method": "icm",
      "env_name": "KeyCorridorS4R3",
      "seed": 1,
      "total_steps": 4997120,
      "elapsed_seconds": 2132.9828741550446,
      "sps": 2342.7848674029083,
      "n_epochs": 1220,
      "best_solve_rate": 0.0625,
      "best_reward": 0.017499999999999995,
      "early_stopped": false
    }
  ]
}