{
  "method": "ngu",
  "env_name": "KeyCorridorS6R3",
  "n_seeds": 2,
  "mean_sps": 2383.276078295645,
  "mean_elapsed": 2097.0294737815857,
  "mean_solve_rate": 1.0,
  "mean_reward": 0.50875,
  "early_stopped": false,
  "total_steps": 5000000,
  "per_seed": [
    {
      "method": "ngu",
      "env_name": "KeyCorridorS6R3",
      "seed": 0,
      "total_steps": 4997120,
      "elapsed_seconds": 2121.493454694748,
      "sps": 2355.4727397068555,
      "n_epochs": 1220,
      "best_solve_rate": 1.0,
      "best_reward": 0.5716666666666667,
      "early_stopped": false
    },
    {
      "method": "ngu",
      "env_name": "KeyCorridorS6R3",
      "seed": 1,
      "total_steps": 4997120,
      "elapsed_seconds": 2072.5654928684235,
      "sps": 2411.079416884435,
      "n_epochs": 1220,
      "best_solve_rate": 1.0,
      "best_reward": 0.4458333333333333,
      "early_stopped": false
    }
  ]
}