{
  "method": "noveld",
  "env_name": "KeyCorridorS4R3",
  "n_seeds": 2,
  "mean_sps": 2315.109061498115,
  "mean_elapsed": 2160.6103854179382,
  "mean_solve_rate": 1.0,
  "mean_reward": 0.56125,
  "early_stopped": false,
  "total_steps": 5000000,
  "per_seed": [
    {
      "method": "noveld",
      "env_name": "KeyCorridorS4R3",
      "seed": 0,
      "total_steps": 4997120,
      "elapsed_seconds": 2228.4319627285004,
      "sps": 2242.437769507447,
      "n_epochs": 1220,
      "best_solve_rate": 1.0,
      "best_reward": 0.544375,
      "early_stopped": false,
      "history_steps": [
        0,
        49152,
        98304,
        147456,
        196608,
        245760,
        294912,
        344064,
        393216,
        442368,
        491520,
        540672,
        589824,
        638976,
        688128,
        737280,
        786432,
        835584,
        884736,
        933888,
        983040,
        1032192,
        1081344,
        1130496,
        1179648,
        1228800,
        1277952,
        1327104,
        1376256,
        1425408,
        1474560,
        1523712,
        1572864,
        1622016,
        1671168,
        1720320,
        1769472,
        1818624,
        1867776,
        1916928,
        1966080,
        2015232,
        2064384,
        2113536,
        2162688,
        2211840,
        2260992,
        2310144,
        2359296,
        2408448,
        2457600,
        2506752,
        2555904,
        2605056,
        2654208,
        2703360,
        2752512,
        2801664,
        2850816,
        2899968,
        2949120,
        2998272,
        3047424,
        3096576,
        3145728,
        3194880,
        3244032,
        3293184,
        3342336,
        3391488,
        3440640,
        3489792,
        3538944,
        3588096,
        3637248,
        3686400,
        3735552,
        3784704,
        3833856,
        3883008,
        3932160,
        3981312,
        4030464,
        4079616,
        4128768,
        4177920,
        4227072,
        4276224,
        4325376,
        4374528,
        4423680,
        4472832,
        4521984,
        4571136,
        4620288,
        4669440,
        4718592,
        4767744,
        4816896,
        4866048,
        4915200,
        4964352,
        4997120
      ],
      "history_reward": [
        0.0,
        0.0,
        0.0,
        0.0,
        0.0,
        0.0,
        0.0,
        0.0,
        0.0,
        0.0,
        0.0,
        0.0,
        0.0,
        0.0,
        0.0,
        0.0,
        0.0,
        0.0,
        0.0,
        0.0,
        0.0,
        0.0,
        0.0,
        0.0,
        0.0,
        0.0,
        0.0,
        0.0,
        0.0,
        0.0,
        0.0,
        0.0,
        0.0,
        0.0,
        0.0,
        0.0,
        0.0,
        0.0,
        0.06723958333333334,
        0.0,
        0.0,
        0.0,
        0.0,
        0.0,
        0.0,
        0.0,
        0.0,
        0.0,
        0.0,
        0.0,
        0.0,
        0.0,
        0.0,
        0.0,
        0.0,
        0.0,
        0.0,
        0.0,
        0.0,
        0.0,
        0.0,
        0.0,
        0.0,
        0.0,
        0.0,
        0.0,
        0.0,
        0.0,
        0.0,
        0.0,
        0.0,
        0.03822916666666667,
        0.0,
        0.0,
        0.05098958333333333,
        0.0,
        0.0,
        0.0,
        0.0,
        0.0,
        0.0,
        0.0,
        0.016374999999999994,
        0.0,
        0.0,
        0.0,
        0.0,
        0.01715277777777778,
        0.0,
        0.04656249999999999,
        0.0323125,
        0.0648611111111111,
        0.0,
        0.0,
        0.0,
        0.0,
        0.0,
        0.0,
        0.0,
        0.023515625,
        0.0,
        0.0,
        0.0
      ],
      "history_solve": [
        0.0,
        0.0,
        0.0,
        0.0,
        0.0,
        0.0,
        0.0,
        0.0,
        0.0,
        0.0,
        0.0,
        0.0,
        0.0,
        0.0,
        0.0,
        0.0,
        0.0,
        0.0,
        0.0,
        0.0,
        0.0,
        0.0,
        0.0,
        0.0,
        0.0,
        0.0,
        0.0,
        0.0,
        0.0,
        0.0,
        0.0,
        0.0,
        0.0,
        0.0,
        0.0,
        0.0,
        0.0,
        0.0,
        0.08333333333333333,
        0.0,
        0.0,
        0.0,
        0.0,
        0.0,
        0.0,
        0.0,
        0.0,
        0.0,
        0.0,
        0.0,
        0.0,
        0.0,
        0.0,
        0.0,
        0.0,
        0.0,
        0.0,
        0.0,
        0.0,
        0.0,
        0.0,
        0.0,
        0.0,
        0.0,
        0.0,
        0.0,
        0.0,
        0.0,
        0.0,
        0.0,
        0.0,
        0.16666666666666666,
        0.0,
        0.0,
        0.08333333333333333,
        0.0,
        0.0,
        0.0,
        0.0,
        0.0,
        0.0,
        0.0,
        0.1,
        0.0,
        0.0,
        0.0,
        0.0,
        0.1111111111111111,
        0.0,
        0.1,
        0.1,
        0.1111111111111111,
        0.0,
        0.0,
        0.0,
        0.0,
        0.0,
        0.0,
        0.0,
        0.125,
        0.0,
        0.0,
        0.0
      ]
    },
    {
      "method": "noveld",
      "env_name": "KeyCorridorS4R3",
      "seed": 1,
      "total_steps": 4997120,
      "elapsed_seconds": 2092.788808107376,
      "sps": 2387.7803534887835,
      "n_epochs": 1220,
      "best_solve_rate": 1.0,
      "best_reward": 0.578125,
      "early_stopped": false,
      "history_steps": [
        0,
        49152,
        98304,
        147456,
        196608,
        245760,
        294912,
        344064,
        393216,
        442368,
        491520,
        540672,
        589824,
        638976,
        688128,
        737280,
        786432,
        835584,
        884736,
        933888,
        983040,
        1032192,
        1081344,
        1130496,
        1179648,
        1228800,
        1277952,
        1327104,
        1376256,
        1425408,
        1474560,
        1523712,
        1572864,
        1622016,
        1671168,
        1720320,
        1769472,
        1818624,
        1867776,
        1916928,
        1966080,
        2015232,
        2064384,
        2113536,
        2162688,
        2211840,
        2260992,
        2310144,
        2359296,
        2408448,
        2457600,
        2506752,
        2555904,
        2605056,
        2654208,
        2703360,
        2752512,
        2801664,
        2850816,
        2899968,
        2949120,
        2998272,
        3047424,
        3096576,
        3145728,
        3194880,
        3244032,
        3293184,
        3342336,
        3391488,
        3440640,
        3489792,
        3538944,
        3588096,
        3637248,
        3686400,
        3735552,
        3784704,
        3833856,
        3883008,
        3932160,
        3981312,
        4030464,
        4079616,
        4128768,
        4177920,
        4227072,
        4276224,
        4325376,
        4374528,
        4423680,
        4472832,
        4521984,
        4571136,
        4620288,
        4669440,
        4718592,
        4767744,
        4816896,
        4866048,
        4915200,
        4964352,
        4997120
      ],