{
  "method": "count_based",
  "env_name": "Hopper-v4",
  "n_seeds": 2,
  "mean_sps": 988.3047972818886,
  "mean_elapsed": 1011.3126108646393,
  "mean_best_reward": 464.25345108142443,
  "mean_final_reward": 388.315703785437,
  "total_steps": 1000000,
  "per_seed": [
    {
      "method": "count_based",
      "env_name": "Hopper-v4",
      "seed": 0,
      "total_steps": 999424,
      "elapsed_seconds": 1019.2200374603271,
      "sps": 980.5772681729702,
      "n_epochs": 488,
      "best_reward": 493.3494415567481,
      "final_reward": 409.62330753146193,
      "history_steps": [
        0,
        8192,
        16384,
        24576,
        32768,
        40960,
        49152,
        57344,
        65536,
        73728,
        81920,
        90112,
        98304,
        106496,
        114688,
        122880,
        131072,
        139264,
        147456,
        155648,
        163840,
        172032,
        180224,
        188416,
        196608,
        204800,
        212992,
        221184,
        229376,
        237568,
        245760,
        253952,
        262144,
        270336,
        278528,
        286720,
        294912,
        303104,
        311296,
        319488,
        327680,
        335872,
        344064,
        352256,
        360448,
        368640,
        376832,
        385024,
        393216,
        401408,
        409600,
        417792,
        425984,
        434176,
        442368,
        450560,
        458752,
        466944,
        475136,
        483328,
        491520,
        499712,
        507904,
        516096,
        524288,
        532480,
        540672,
        548864,
        557056,
        565248,
        573440,
        581632,
        589824,
        598016,
        606208,
        614400,
        622592,
        630784,
        638976,
        647168,
        655360,
        663552,
        671744,
        679936,
        688128,
        696320,
        704512,
        712704,
        720896,
        729088,
        737280,
        745472,
        753664,
        761856,
        770048,
        778240,
        786432,
        794624,
        802816,
        811008,
        819200,
        827392,
        835584,
        843776,
        851968,
        860160,
        868352,
        876544,
        884736,
        892928,
        901120,
        909312,
        917504,
        925696,
        933888,
        942080,
        950272,
        958464,
        966656,
        974848,
        983040,
        991232,
        999424
      ],
      "history_reward": [
        15.907464354623995,
        34.05329138715302,
        76.1116691008871,
        106.0900580060594,
        117.10729304596063,
        105.44649101198156,
        116.06451282182482,
        99.55548351239626,
        93.56137245701953,
        112.75343531190586,
        97.51598392789472,
        106.19523804591255,
        93.44043614909505,
        101.53963189512852,
        88.6323609431469,
        107.2814993827864,
        99.09172167192196,
        104.86664366172515,
        107.78766356868887,
        117.90345138799337,
        103.44616789213681,
        109.0882588714871,
        92.87772534598278,
        81.7491986643949,
        93.3856823895988,
        105.08617280820165,
        102.42677705570034,
        129.27152672429773,
        111.39723180763133,
        121.87625874516216,
        128.4285658129366,
        129.1223453399241,
        141.23097660371297,
        122.87126858614958,
        136.27425834599774,
        148.20642638350594,
        146.73036703158655,
        146.61893873977226,
        144.10612440547263,
        142.8254067438597,
        132.8823152105162,
        224.0801435981469,
        240.97006586006682,
        205.36352798282002,
        255.6012525222039,
        230.02311270153004,
        241.5856220408279,
        188.84837928437574,
        249.58598546147792,
        297.8438967210404,
        279.78831604294265,
        268.89498169650903,
        285.4747811697854,
        318.73783753011196,
        260.9065621369677,
        282.39541107883593,
        336.2668037097513,
        250.2582730699679,
        252.80182007986522,
        269.7349829743223,
        212.7064130685611,
        409.3488912104054,
        300.2062657882407,
        312.8584766814934,
        321.4257721509939,
        377.7036692513982,
        396.27396468333967,
        332.3784340877309,
        370.1900117898813,
        290.95030149991726,
        243.20984516019848,
        337.562356808776,
        317.7820518558231,
        244.31130841731547,
        336.1499973659701,
        248.44333485165075,
        305.6959568109834,
        413.7598975098992,
        346.2532106577387,
        372.0936289545512,
        411.96315375596924,
        262.1034117479123,
        389.79208846292937,
        327.92184980977447,
        306.92950841085485,
        290.24705859614573,
        404.5242141807112,
        379.36111504454175,
        254.3987336250064,
        306.07096851845483,
        327.22431046502584,
        381.36956130886995,
        396.06894228735956,
        380.637389469462,
        350.22191135940324,
        407.73310147181,
        357.86576222187017,
        354.23303519240386,
        348.95873945364,
        377.13123369093364,
        377.53839887720477,
        454.28496568289756,
        424.4474993493104,
        370.0092048349853,
        385.5299772859452,
        371.29885425857697,
        391.4509234645315,
        382.17159855508214,
        425.6274838380418,
        409.3159989408065,
        348.41822925754013,
        414.6576372798388,
        354.2401758059583,
        360.14912395736883,
        385.90906297127447,
        414.29380789860465,
        204.15804425390456,
        213.6484400668051,
        443.6582906263623,
        482.0545404712114,
        493.3494415567481,
        413.542447316062,
        409.62330753146193
      ]
    },
    {
      "method": "count_based",
      "env_name": "Hopper-v4",
      "seed": 1,
      "total_steps": 999424,
      "elapsed_seconds": 1003.4051842689514,
      "sps": 996.0323263908069,
      "n_epochs": 488,
      "best_reward": 435.15746060610076,
      "final_reward": 367.0081000394121,