{
  "method": "ngu",
  "env_name": "Hopper-v4",
  "n_seeds": 2,
  "mean_sps": 1012.1314551702568,
  "mean_elapsed": 987.4513193368912,
  "mean_best_reward": 504.0812477370392,
  "mean_final_reward": 388.101580685313,
  "total_steps": 1000000,
  "per_seed": [
    {
      "method": "ngu",
      "env_name": "Hopper-v4",
      "seed": 0,
      "total_steps": 999424,
      "elapsed_seconds": 984.92520403862,
      "sps": 1014.7207076252375,
      "n_epochs": 488,
      "best_reward": 650.3622867448165,
      "final_reward": 505.83384178856215,
      "history_steps": [
        0,
        8192,
        16384,
        24576,
        32768,
        40960,
        49152,
        57344,
        65536,
        73728,
        81920,
        90112,
        98304,
        106496,
        114688,
        122880,
        131072,
        139264,
        147456,
        155648,
        163840,
        172032,
        180224,
        188416,
        196608,
        204800,
        212992,
        221184,
        229376,
        237568,
        245760,
        253952,
        262144,
        270336,
        278528,
        286720,
        294912,
        303104,
        311296,
        319488,
        327680,
        335872,
        344064,
        352256,
        360448,
        368640,
        376832,
        385024,
        393216,
        401408,
        409600,
        417792,
        425984,
        434176,
        442368,
        450560,
        458752,
        466944,
        475136,
        483328,
        491520,
        499712,
        507904,
        516096,
        524288,
        532480,
        540672,
        548864,
        557056,
        565248,
        573440,
        581632,
        589824,
        598016,
        606208,
        614400,
        622592,
        630784,
        638976,
        647168,
        655360,
        663552,
        671744,
        679936,
        688128,
        696320,
        704512,
        712704,
        720896,
        729088,
        737280,
        745472,
        753664,
        761856,
        770048,
        778240,
        786432,
        794624,
        802816,
        811008,
        819200,
        827392,
        835584,
        843776,
        851968,
        860160,
        868352,
        876544,
        884736,
        892928,
        901120,
        909312,
        917504,
        925696,
        933888,
        942080,
        950272,
        958464,
        966656,
        974848,
        983040,
        991232,
        999424
      ],
      "history_reward": [
        16.325384260405603,
        37.67848732367474,
        76.11467582055965,
        100.08740263690977,
        96.8463626139883,
        112.05192545393197,
        107.8407156859432,
        88.17804537820548,
        102.8427041473657,
        100.52895031401836,
        96.45308810785154,
        91.28593935344202,
        88.05087879209773,
        102.93428003670753,
        85.42366026132606,
        104.07760165255257,
        98.149436535184,
        110.06131132358286,
        118.62650305868617,
        100.66834278007208,
        107.88904715677305,
        109.773975455555,
        104.83765958403109,
        102.91648194353702,
        102.1614749089752,
        116.1282266897403,
        122.44429734491047,
        115.44719486699344,
        90.80795806546786,
        123.74957314934811,
        110.747266232,
        102.91636610825923,
        111.06611662260904,
        132.05051021025335,
        138.99267168056974,
        148.60144548072407,
        137.0822470160588,
        171.88042326041892,
        162.8119198794232,
        164.3202054363433,
        161.34904080432943,
        171.42779614547715,
        207.98673380108573,
        177.04175851617907,
        176.87211028947434,
        194.70486234837577,
        230.85049422531452,
        165.00654556264104,
        232.94607529080506,
        263.8551858731708,
        302.2270806722157,
        311.73113058675193,
        124.89551888019267,
        297.40154121656553,
        291.85208532065064,
        263.54822542246404,
        296.5141926736586,
        248.9322128782523,
        275.23830807082123,
        242.08086625218502,
        216.3543359473594,
        313.8702168547282,
        275.51323952469386,
        290.9747603366189,
        341.7522257014785,
        299.53422014124476,
        347.47510681803743,
        279.05938582342253,
        340.5829829693707,
        287.7240155032352,
        332.02741598028786,
        358.21357259540787,
        269.72006369620476,
        348.4648620329378,
        385.89425931799997,
        345.36819643102064,
        337.02710757416025,
        388.4646618807721,
        400.9976015415888,
        398.67013665461576,
        387.64036464812904,
        359.2997930479472,
        323.03078095744695,
        194.4930949293208,
        409.3204375373904,
        416.3967613849159,
        376.05079496295946,
        343.9498716894202,
        473.7956794111403,
        381.6655833886526,
        410.1579949969512,
        379.22750870471134,
        413.754385639387,
        346.40548530062847,
        407.44758313413917,
        362.84367666998367,
        388.4280612120037,
        310.02951912980427,
        350.7857491743732,
        351.8375133920193,
        335.3852559973237,
        260.78018136095955,
        263.61475302811164,
        247.10513215050386,
        514.2522241135172,
        455.2058333036202,
        477.84846387701117,
        491.6896823492751,
        502.579786249856,
        446.4833662876736,
        470.49708767166936,
        388.099873720928,
        229.71218208176634,
        491.6521948577745,
        380.27150840896354,
        431.670036517656,
        443.3347477043714,
        455.7989795209776,
        366.55952158799664,
        470.2579042635522,
        483.81863839376956,
        441.37252529834217,
        505.83384178856215
      ]
    },
    {
      "method": "ngu",
      "env_name": "Hopper-v4",
      "seed": 1,
      "total_steps": 999424,
      "elapsed_seconds": 989.9774346351624,
      "sps": 1009.5422027152761,
      "n_epochs": 488,
      "best_reward": 357.80020872926184,
      "final_reward": 270.3693195820639,