{
  "method": "none",
  "env_name": "HalfCheetah-v4",
  "n_seeds": 2,
  "mean_sps": 1090.3474254461473,
  "mean_elapsed": 916.611566901207,
  "mean_best_reward": 556.754317072839,
  "mean_final_reward": 0.0,
  "total_steps": 1000000,
  "per_seed": [
    {
      "method": "none",
      "env_name": "HalfCheetah-v4",
      "seed": 0,
      "total_steps": 999424,
      "elapsed_seconds": 915.6666493415833,
      "sps": 1091.4714440223886,
      "n_epochs": 488,
      "best_reward": 594.369089165584,
      "final_reward": 0.0,
      "history_steps": [
        0,
        8192,
        16384,
        24576,
        32768,
        40960,
        49152,
        57344,
        65536,
        73728,
        81920,
        90112,
        98304,
        106496,
        114688,
        122880,
        131072,
        139264,
        147456,
        155648,
        163840,
        172032,
        180224,
        188416,
        196608,
        204800,
        212992,
        221184,
        229376,
        237568,
        245760,
        253952,
        262144,
        270336,
        278528,
        286720,
        294912,
        303104,
        311296,
        319488,
        327680,
        335872,
        344064,
        352256,
        360448,
        368640,
        376832,
        385024,
        393216,
        401408,
        409600,
        417792,
        425984,
        434176,
        442368,
        450560,
        458752,
        466944,
        475136,
        483328,
        491520,
        499712,
        507904,
        516096,
        524288,
        532480,
        540672,
        548864,
        557056,
        565248,
        573440,
        581632,
        589824,
        598016,
        606208,
        614400,
        622592,
        630784,
        638976,
        647168,
        655360,
        663552,
        671744,
        679936,
        688128,
        696320,
        704512,
        712704,
        720896,
        729088,
        737280,
        745472,
        753664,
        761856,
        770048,
        778240,
        786432,
        794624,
        802816,
        811008,
        819200,
        827392,
        835584,
        843776,
        851968,
        860160,
        868352,
        876544,
        884736,
        892928,
        901120,
        909312,
        917504,
        925696,
        933888,
        942080,
        950272,
        958464,
        966656,
        974848,
        983040,
        991232,
        999424
      ],
      "history_reward": [
        0.0,
        0.0,
        0.0,
        0.0,
        0.0,
        0.0,
        0.0,
        0.0,
        0.0,
        0.0,
        0.0,
        0.0,
        0.0,
        0.0,
        0.0,
        0.0,
        0.0,
        0.0,
        0.0,
        0.0,
        0.0,
        0.0,
        0.0,
        0.0,
        0.0,
        0.0,
        0.0,
        0.0,
        0.0,
        0.0,
        0.0,
        0.0,
        0.0,
        -183.67537234410742,
        0.0,
        -138.64768259257866,
        0.0,
        -173.56194926766844,
        0.0,
        -135.68569812826797,
        0.0,
        -126.75411232085045,
        0.0,
        -131.68248588855573,
        0.0,
        0.0,
        0.0,
        0.0,
        0.0,
        0.0,
        0.0,
        0.0,
        0.0,
        0.0,
        0.0,
        0.0,
        0.0,
        0.0,
        0.0,
        0.0,
        0.0,
        0.0,
        0.0,
        0.0,
        0.0,
        0.0,
        0.0,
        0.0,
        0.0,
        0.0,
        0.0,
        0.0,
        0.0,
        0.0,
        0.0,
        0.0,
        331.07057234169685,
        0.0,
        366.5695593480415,
        0.0,
        304.4359273445012,
        0.0,
        374.16801933036993,
        0.0,
        345.1659634080046,
        0.0,
        337.1879275854687,
        0.0,
        0.0,
        0.0,
        0.0,
        0.0,
        0.0,
        0.0,
        0.0,
        0.0,
        0.0,
        0.0,
        0.0,
        0.0,
        0.0,
        0.0,
        0.0,
        0.0,
        0.0,
        0.0,
        0.0,
        0.0,
        0.0,
        0.0,
        0.0,
        0.0,
        0.0,
        0.0,
        0.0,
        0.0,
        0.0,
        0.0,
        0.0,
        0.0,
        0.0,
        594.369089165584,
        0.0
      ]
    },
    {
      "method": "none",
      "env_name": "HalfCheetah-v4",
      "seed": 1,
      "total_steps": 999424,
      "elapsed_seconds": 917.5564844608307,
      "sps": 1089.223406869906,
      "n_epochs": 488,
      "best_reward": 519.1395449800939,
      "final_reward": 0.0,
      "history_steps": [
        0,
        8192,
        16384,
        24576,
        32768,
        40960,
        49152,
        57344,
        65536,
        73728,
        81920,
        90112,
        98304,
        106496,
        114688,
        122880,
        131072,
        139264,
        147456,
        155648,
        163840,
        172032,
        180224,
        188416,
        196608,
        204800,
        212992,
        221184,
        229376,
        237568,
        245760,
        253952,
        262144,
        270336,
        278528,
        286720,
        294912,
        303104,
        311296,
        319488,
        327680,
        335872,
        344064,
        352256,
        360448,
        368640,
        376832,
        385024,
        393216,
        401408,
        409600,
        417792,
        425984,
        434176,
        442368,
        450560,
        458752,
        466944,
        475136,
        483328,
        491520,
        499712,
        507904,
        516096,
        524288,
        532480,
        540672,
        548864,
        557056,
        565248,
        573440,
        581632,
        589824,
        598016,
        606208,
        614400,
        622592,
        630784,
        638976,
        647168,
        655360,
        663552,
        671744,
        679936,
        688128,
        696320,
        704512,
        712704,
        720896,
        729088,
        737280,
        745472,
        753664,
        761856,
        770048,
        778240,
        786432,
        794624,
        802816,
        811008,
        819200,
        827392,
        835584,
        843776,
        851968,
        860160,
        868352,
        876544,
        884736,
        892928,
        901120,
        909312,
        917504,
        925696,
        933888,
        942080,
        950272,
        958464,
        966656,
        974848,
        983040,
        991232,
        999424
      ],