{
  "method": "none",
  "env_name": "Hopper-v4",
  "n_seeds": 2,
  "mean_sps": 1095.9331868402528,
  "mean_elapsed": 913.5136123895645,
  "mean_best_reward": 496.7417767842405,
  "mean_final_reward": 437.78090447716704,
  "total_steps": 1000000,
  "per_seed": [
    {
      "method": "none",
      "env_name": "Hopper-v4",
      "seed": 0,
      "total_steps": 999424,
      "elapsed_seconds": 875.5846178531647,
      "sps": 1141.4362240059397,
      "n_epochs": 488,
      "best_reward": 528.963111118564,
      "final_reward": 436.57814903090934,
      "history_steps": [
        0,
        8192,
        16384,
        24576,
        32768,
        40960,
        49152,
        57344,
        65536,
        73728,
        81920,
        90112,
        98304,
        106496,
        114688,
        122880,
        131072,
        139264,
        147456,
        155648,
        163840,
        172032,
        180224,
        188416,
        196608,
        204800,
        212992,
        221184,
        229376,
        237568,
        245760,
        253952,
        262144,
        270336,
        278528,
        286720,
        294912,
        303104,
        311296,
        319488,
        327680,
        335872,
        344064,
        352256,
        360448,
        368640,
        376832,
        385024,
        393216,
        401408,
        409600,
        417792,
        425984,
        434176,
        442368,
        450560,
        458752,
        466944,
        475136,
        483328,
        491520,
        499712,
        507904,
        516096,
        524288,
        532480,
        540672,
        548864,
        557056,
        565248,
        573440,
        581632,
        589824,
        598016,
        606208,
        614400,
        622592,
        630784,
        638976,
        647168,
        655360,
        663552,
        671744,
        679936,
        688128,
        696320,
        704512,
        712704,
        720896,
        729088,
        737280,
        745472,
        753664,
        761856,
        770048,
        778240,
        786432,
        794624,
        802816,
        811008,
        819200,
        827392,
        835584,
        843776,
        851968,
        860160,
        868352,
        876544,
        884736,
        892928,
        901120,
        909312,
        917504,
        925696,
        933888,
        942080,
        950272,
        958464,
        966656,
        974848,
        983040,
        991232,
        999424
      ],
      "history_reward": [
        15.907464354623995,
        44.04208976659961,
        80.62732468254087,
        100.50961556362203,
        103.26299131573595,
        113.88183562753474,
        94.67868330769484,
        97.35541905319613,
        103.7135372140532,
        84.811645557099,
        90.98012498665084,
        102.95633371769759,
        106.58947463765969,
        107.5173669465562,
        102.00829881627857,
        92.28459049238708,
        92.53245740118349,
        101.00031415805168,
        108.94171127497766,
        102.3074343621695,
        112.0099663748706,
        87.49674616559025,
        96.08405953646884,
        96.41490180135386,
        102.7702370772819,
        110.23394277605634,
        106.9002847664579,
        90.07878442946746,
        107.04342643399413,
        103.30865683213959,
        136.4603518252225,
        125.28880414864088,
        125.70683518117931,
        148.31628657797407,
        123.73556773091717,
        137.0610705469122,
        154.35344500867288,
        126.95054228170409,
        135.70130636428698,
        138.1684703504401,
        141.74444851591542,
        144.25348464465904,
        150.31245010183596,
        162.3911011885186,
        127.43631562428023,
        154.3391848407584,
        145.67666075811022,
        147.34342576228795,
        158.51482279949627,
        173.7773634503566,
        143.24986725728468,
        154.41766620396314,
        159.3151403151567,
        155.7659510134625,
        168.6385844839627,
        153.78208736245932,
        133.65001156376036,
        179.4573592443778,
        162.5174481310858,
        183.53851048657287,
        178.96400367897263,
        170.82427847921534,
        170.41794138983653,
        166.50982887320478,
        162.25876596934862,
        175.3291435714479,
        173.7703578711615,
        182.00589500262154,
        221.63222078830438,
        251.82748585880844,
        235.8195718206311,
        247.11801696314484,
        267.2657693907464,
        261.974709068399,
        247.9112295083866,
        197.64398545957232,
        254.37901088396322,
        282.4145090035603,
        305.78039562727565,
        271.82449960700984,
        276.306601510356,
        310.8508351854883,
        340.293613467639,
        294.0820211581368,
        363.2949345938212,
        280.6934888868675,
        317.367213850746,
        275.2658034668855,
        307.71045810767225,
        384.92446885192646,
        343.56426002665825,
        331.3496739176857,
        381.818310559321,
        416.9701863970855,
        375.5082735016426,
        357.15618898372753,
        327.7486628558442,
        369.5968514305311,
        358.3721260875292,
        254.04695319015926,
        384.0770753779122,
        383.8184155716881,
        354.6508398116995,
        474.9730204274112,
        412.28650542877295,
        415.51330838411303,
        329.61199143438694,
        413.4616763093575,
        395.0364277413182,
        343.3667177585025,
        414.3131426964184,
        425.3177325480733,
        259.0704794824981,
        431.67347215548796,
        349.8067285917869,
        487.7230822714846,
        431.84203462914144,
        417.0205488758889,
        430.81211552662336,
        288.306093570892,
        414.62765376678203,
        384.94347426875777,
        436.57814903090934
      ]
    },
    {
      "method": "none",
      "env_name": "Hopper-v4",
      "seed": 1,
      "total_steps": 999424,
      "elapsed_seconds": 951.4426069259644,
      "sps": 1050.430149674566,
      "n_epochs": 488,
      "best_reward": 464.520442449917,
      "final_reward": 438.9836599234248,