{
  "method": "noveld",
  "env_name": "Hopper-v4",
  "n_seeds": 2,
  "mean_sps": 988.0422604880279,
  "mean_elapsed": 1011.5974155664444,
  "mean_best_reward": 492.62915283258315,
  "mean_final_reward": 353.64537629059566,
  "total_steps": 1000000,
  "per_seed": [
    {
      "method": "noveld",
      "env_name": "Hopper-v4",
      "seed": 0,
      "total_steps": 999424,
      "elapsed_seconds": 1002.7186312675476,
      "sps": 996.7143013355773,
      "n_epochs": 488,
      "best_reward": 563.0087224752019,
      "final_reward": 524.6235422761805,
      "history_steps": [
        0,
        8192,
        16384,
        24576,
        32768,
        40960,
        49152,
        57344,
        65536,
        73728,
        81920,
        90112,
        98304,
        106496,
        114688,
        122880,
        131072,
        139264,
        147456,
        155648,
        163840,
        172032,
        180224,
        188416,
        196608,
        204800,
        212992,
        221184,
        229376,
        237568,
        245760,
        253952,
        262144,
        270336,
        278528,
        286720,
        294912,
        303104,
        311296,
        319488,
        327680,
        335872,
        344064,
        352256,
        360448,
        368640,
        376832,
        385024,
        393216,
        401408,
        409600,
        417792,
        425984,
        434176,
        442368,
        450560,
        458752,
        466944,
        475136,
        483328,
        491520,
        499712,
        507904,
        516096,
        524288,
        532480,
        540672,
        548864,
        557056,
        565248,
        573440,
        581632,
        589824,
        598016,
        606208,
        614400,
        622592,
        630784,
        638976,
        647168,
        655360,
        663552,
        671744,
        679936,
        688128,
        696320,
        704512,
        712704,
        720896,
        729088,
        737280,
        745472,
        753664,
        761856,
        770048,
        778240,
        786432,
        794624,
        802816,
        811008,
        819200,
        827392,
        835584,
        843776,
        851968,
        860160,
        868352,
        876544,
        884736,
        892928,
        901120,
        909312,
        917504,
        925696,
        933888,
        942080,
        950272,
        958464,
        966656,
        974848,
        983040,
        991232,
        999424
      ],
      "history_reward": [
        16.325384260405603,
        30.455617995985524,
        68.76388837777746,
        96.02172951127943,
        95.77437553624036,
        95.26184853841292,
        111.1772027600643,
        94.51469238664527,
        95.46200035128416,
        95.16644318028024,
        104.31177287548203,
        105.09134883600365,
        99.21009032423918,
        125.53511633094351,
        113.46967927023213,
        114.28492062198997,
        100.16523604737279,
        125.16543952468811,
        125.93140170463163,
        130.30188793802486,
        108.24950955950325,
        117.9080961151566,
        120.34238293346141,
        121.99755033601986,
        102.40263297016479,
        124.40849561750433,
        112.53844264419673,
        120.40436511704794,
        93.66415598239013,
        107.88396740151158,
        117.2717383941648,
        90.72079902857557,
        97.20532107850367,
        98.24496210612185,
        110.63910128209011,
        136.8779356973095,
        112.25285946685504,
        145.1522752217695,
        156.51547014372306,
        141.71411084384917,
        152.61708826536147,
        208.2684387643149,
        204.4999260085088,
        192.34437648938405,
        183.26148224110517,
        181.22127192339198,
        185.64635314733837,
        180.75607535335232,
        189.51357866339345,
        235.01320090965146,
        203.63128488836045,
        219.4332948131815,
        223.17649782527832,
        288.0273731271699,
        266.4913641380546,
        212.98569162792757,
        262.35360489918844,
        267.06106008959233,
        281.9807487223705,
        226.86492174474614,
        207.3289540663452,
        302.9705742809935,
        282.28634949196066,
        271.53454991972103,
        322.0169392973387,
        315.01557858041275,
        319.2649661077534,
        255.6368881077294,
        350.6439995205193,
        298.1856068465503,
        351.5013629979935,
        312.007650698325,
        371.99986971452455,
        305.2442671310998,
        299.8398734827913,
        340.76788651136025,
        275.769106845501,
        370.439232974282,
        268.32148879971436,
        444.74045380389504,
        250.78795217831708,
        280.18868167168085,
        339.4385942253585,
        298.4116746342178,
        400.6145134879566,
        387.48804406692483,
        362.7137818692435,
        236.67761686123225,
        304.6209287827688,
        430.27975709388016,
        396.3456883187427,
        358.30898628684264,
        260.0646941087145,
        414.427373676855,
        366.46419069732394,
        391.38294528359734,
        422.90831446066824,
        369.9498784856417,
        445.1851757557288,
        384.8038263574291,
        396.5161118866624,
        435.38576244872854,
        447.4320983556627,
        392.4313810050782,
        438.6534690090869,
        520.2445181019913,
        439.37821958718627,
        435.21236082925316,
        367.5234682756621,
        451.88626006936175,
        322.1816592001863,
        385.04985468749254,
        311.72496059303364,
        386.91118603405886,
        412.36933287753834,
        563.0087224752019,
        548.1378427944547,
        427.6059827891844,
        486.5600490428375,
        427.4315909323426,
        411.8605067691166,
        377.81882723621504,
        524.6235422761805
      ]
    },
    {
      "method": "noveld",
      "env_name": "Hopper-v4",
      "seed": 1,
      "total_steps": 999424,
      "elapsed_seconds": 1020.4761998653412,
      "sps": 979.3702196404785,
      "n_epochs": 488,
      "best_reward": 422.2495831899643,
      "final_reward": 182.66721030501077,