{
  "method": "rnd",
  "env_name": "Hopper-v4",
  "n_seeds": 2,
  "mean_sps": 1103.36204497803,
  "mean_elapsed": 905.9127076864243,
  "mean_best_reward": 823.2295242521463,
  "mean_final_reward": 672.229185025648,
  "total_steps": 1000000,
  "per_seed": [
    {
      "method": "rnd",
      "env_name": "Hopper-v4",
      "seed": 0,
      "total_steps": 999424,
      "elapsed_seconds": 916.0716352462769,
      "sps": 1090.988915655395,
      "n_epochs": 488,
      "best_reward": 1025.7886982266846,
      "final_reward": 969.4087267083511,
      "history_steps": [
        0,
        8192,
        16384,
        24576,
        32768,
        40960,
        49152,
        57344,
        65536,
        73728,
        81920,
        90112,
        98304,
        106496,
        114688,
        122880,
        131072,
        139264,
        147456,
        155648,
        163840,
        172032,
        180224,
        188416,
        196608,
        204800,
        212992,
        221184,
        229376,
        237568,
        245760,
        253952,
        262144,
        270336,
        278528,
        286720,
        294912,
        303104,
        311296,
        319488,
        327680,
        335872,
        344064,
        352256,
        360448,
        368640,
        376832,
        385024,
        393216,
        401408,
        409600,
        417792,
        425984,
        434176,
        442368,
        450560,
        458752,
        466944,
        475136,
        483328,
        491520,
        499712,
        507904,
        516096,
        524288,
        532480,
        540672,
        548864,
        557056,
        565248,
        573440,
        581632,
        589824,
        598016,
        606208,
        614400,
        622592,
        630784,
        638976,
        647168,
        655360,
        663552,
        671744,
        679936,
        688128,
        696320,
        704512,
        712704,
        720896,
        729088,
        737280,
        745472,
        753664,
        761856,
        770048,
        778240,
        786432,
        794624,
        802816,
        811008,
        819200,
        827392,
        835584,
        843776,
        851968,
        860160,
        868352,
        876544,
        884736,
        892928,
        901120,
        909312,
        917504,
        925696,
        933888,
        942080,
        950272,
        958464,
        966656,
        974848,
        983040,
        991232,
        999424
      ],
      "history_reward": [
        16.325384260405603,
        30.485337637936322,
        81.46319737864201,
        92.60746021555377,
        102.65309276325621,
        99.8785625132236,
        98.15127837856974,
        78.71798412468573,
        96.43221208590226,
        96.73740725445882,
        107.0376497590566,
        106.99746497005496,
        73.7341124459482,
        98.12925045373821,
        96.51111460898764,
        122.4206517471548,
        100.09711780791588,
        100.57415193597967,
        134.61112619694325,
        119.09783918050164,
        136.4028056647453,
        142.982323849716,
        132.8176632832982,
        138.60627213138062,
        132.86039908196736,
        119.77518235280213,
        122.97588673203137,
        144.73239214695698,
        109.5289748120056,
        125.62891624251728,
        129.13357452637325,
        103.59750557732274,
        95.2456605536177,
        78.53866602705857,
        88.06631954725393,
        101.60892356158176,
        105.72053624955828,
        128.32981849382466,
        99.61685941530193,
        107.45753230436254,
        107.56660158706461,
        168.12154753496864,
        171.14579535674505,
        159.1687529063044,
        126.81129350581297,
        273.2922950761618,
        212.61891241652222,
        179.89747665434538,
        166.4935410671619,
        306.46245366860217,
        298.5510189778549,
        298.8016419673303,
        158.28947174391476,
        247.74596935288608,
        302.08951622173015,
        244.07054390220705,
        312.32886456965343,
        262.3442113987471,
        240.27940917009116,
        303.00733917343337,
        272.9595316589729,
        470.2086958386152,
        363.65270826660594,
        214.08672921621664,
        288.5446978008744,
        309.96581731617346,
        363.0137707772211,
        310.22878345918804,
        450.95359771927673,
        473.28917779349405,
        465.36147510451883,
        425.4150647210571,
        402.85359154160255,
        534.1811979725084,
        169.67104354001464,
        448.62730867121826,
        233.81929351948983,
        534.6874788538155,
        527.5649967623541,
        502.35549556578917,
        743.7909580034781,
        684.5568683831223,
        184.00744796456758,
        326.4432472668199,
        422.0614037978312,
        595.8735408472883,
        528.705312060325,
        454.486272601475,
        696.9755754943931,
        1025.0510499805125,
        673.0597091556101,
        530.0571765615072,
        925.3236531841126,
        576.3370553673129,
        389.86440706295724,
        431.1030010042754,
        0.0,
        543.2056564216664,
        469.94327462811356,
        0.0,
        495.36123653709836,
        0.0,
        1022.392683183263,
        0.0,
        631.6756322666972,
        0.0,
        1022.5168983874588,
        0.0,
        190.88501568666854,
        0.0,
        134.74706051082262,
        627.7381631709434,
        126.13028236700079,
        287.8935714719649,
        185.4671805928612,
        212.8020108806686,
        247.09787521407893,
        436.16137029261984,
        796.5709166624911,
        665.4717809553886,
        623.4078963933446,
        561.1362251889291,
        969.4087267083511
      ]
    },
    {
      "method": "rnd",
      "env_name": "Hopper-v4",
      "seed": 1,
      "total_steps": 999424,
      "elapsed_seconds": 895.7537801265717,
      "sps": 1115.735174300665,
      "n_epochs": 488,
      "best_reward": 620.6703502776081,
      "final_reward": 375.049643342945,