{
  "method": "rnd",
  "env_name": "HalfCheetah-v4",
  "n_seeds": 2,
  "mean_sps": 1072.9686956416242,
  "mean_elapsed": 931.4609478712082,
  "mean_best_reward": 657.3778872302382,
  "mean_final_reward": 0.0,
  "total_steps": 1000000,
  "per_seed": [
    {
      "method": "rnd",
      "env_name": "HalfCheetah-v4",
      "seed": 0,
      "total_steps": 999424,
      "elapsed_seconds": 933.4238383769989,
      "sps": 1070.7076023875281,
      "n_epochs": 488,
      "best_reward": 769.1001789806667,
      "final_reward": 0.0,
      "history_steps": [
        0,
        8192,
        16384,
        24576,
        32768,
        40960,
        49152,
        57344,
        65536,
        73728,
        81920,
        90112,
        98304,
        106496,
        114688,
        122880,
        131072,
        139264,
        147456,
        155648,
        163840,
        172032,
        180224,
        188416,
        196608,
        204800,
        212992,
        221184,
        229376,
        237568,
        245760,
        253952,
        262144,
        270336,
        278528,
        286720,
        294912,
        303104,
        311296,
        319488,
        327680,
        335872,
        344064,
        352256,
        360448,
        368640,
        376832,
        385024,
        393216,
        401408,
        409600,
        417792,
        425984,
        434176,
        442368,
        450560,
        458752,
        466944,
        475136,
        483328,
        491520,
        499712,
        507904,
        516096,
        524288,
        532480,
        540672,
        548864,
        557056,
        565248,
        573440,
        581632,
        589824,
        598016,
        606208,
        614400,
        622592,
        630784,
        638976,
        647168,
        655360,
        663552,
        671744,
        679936,
        688128,
        696320,
        704512,
        712704,
        720896,
        729088,
        737280,
        745472,
        753664,
        761856,
        770048,
        778240,
        786432,
        794624,
        802816,
        811008,
        819200,
        827392,
        835584,
        843776,
        851968,
        860160,
        868352,
        876544,
        884736,
        892928,
        901120,
        909312,
        917504,
        925696,
        933888,
        942080,
        950272,
        958464,
        966656,
        974848,
        983040,
        991232,
        999424
      ],
      "history_reward": [
        0.0,
        0.0,
        0.0,
        0.0,
        0.0,
        0.0,
        0.0,
        0.0,
        0.0,
        0.0,
        0.0,
        0.0,
        0.0,
        0.0,
        0.0,
        0.0,
        0.0,
        0.0,
        0.0,
        0.0,
        0.0,
        0.0,
        0.0,
        0.0,
        0.0,
        0.0,
        0.0,
        0.0,
        0.0,
        0.0,
        0.0,
        0.0,
        0.0,
        -84.15458935871928,
        0.0,
        -111.54904416109855,
        0.0,
        -79.07777407775761,
        0.0,
        -0.6685871955179352,
        0.0,
        6.333942110677645,
        0.0,
        41.96672361428449,
        0.0,
        0.0,
        0.0,
        0.0,
        0.0,
        0.0,
        0.0,
        0.0,
        0.0,
        0.0,
        0.0,
        0.0,
        0.0,
        0.0,
        0.0,
        0.0,
        0.0,
        0.0,
        0.0,
        0.0,
        0.0,
        0.0,
        0.0,
        0.0,
        0.0,
        0.0,
        0.0,
        0.0,
        0.0,
        0.0,
        0.0,
        0.0,
        373.7663565284908,
        0.0,
        251.09521514024138,
        0.0,
        319.3077500524634,
        0.0,
        296.60100448181527,
        0.0,
        429.0968099950745,
        0.0,
        231.5316409356803,
        0.0,
        0.0,
        0.0,
        0.0,
        0.0,
        0.0,
        0.0,
        0.0,
        0.0,
        0.0,
        0.0,
        0.0,
        0.0,
        0.0,
        0.0,
        0.0,
        0.0,
        0.0,
        0.0,
        0.0,
        0.0,
        0.0,
        0.0,
        0.0,
        0.0,
        0.0,
        0.0,
        0.0,
        0.0,
        0.0,
        0.0,
        0.0,
        0.0,
        0.0,
        705.6511742233628,
        0.0
      ]
    },
    {
      "method": "rnd",
      "env_name": "HalfCheetah-v4",
      "seed": 1,
      "total_steps": 999424,
      "elapsed_seconds": 929.4980573654175,
      "sps": 1075.2297888957203,
      "n_epochs": 488,
      "best_reward": 545.6555954798098,
      "final_reward": 0.0,
      "history_steps": [
        0,
        8192,
        16384,
        24576,
        32768,
        40960,
        49152,
        57344,
        65536,
        73728,
        81920,
        90112,
        98304,
        106496,
        114688,
        122880,
        131072,
        139264,
        147456,
        155648,
        163840,
        172032,
        180224,
        188416,
        196608,
        204800,
        212992,
        221184,
        229376,
        237568,
        245760,
        253952,
        262144,
        270336,
        278528,
        286720,
        294912,
        303104,
        311296,
        319488,
        327680,
        335872,
        344064,
        352256,
        360448,
        368640,
        376832,
        385024,
        393216,
        401408,
        409600,
        417792,
        425984,
        434176,
        442368,
        450560,
        458752,
        466944,
        475136,
        483328,
        491520,
        499712,
        507904,
        516096,
        524288,
        532480,
        540672,
        548864,
        557056,
        565248,
        573440,
        581632,
        589824,
        598016,
        606208,
        614400,
        622592,
        630784,
        638976,
        647168,
        655360,
        663552,
        671744,
        679936,
        688128,
        696320,
        704512,
        712704,
        720896,
        729088,
        737280,
        745472,
        753664,
        761856,
        770048,
        778240,
        786432,
        794624,
        802816,
        811008,
        819200,
        827392,
        835584,
        843776,
        851968,
        860160,
        868352,
        876544,
        884736,
        892928,
        901120,
        909312,
        917504,
        925696,
        933888,
        942080,
        950272,
        958464,
        966656,
        974848,
        983040,
        991232,
        999424
      ],